{
  "name": "angular-ui-router",
  "version": "0.3.0",
  "license": "MIT",
  "main": "./release/angular-ui-router.js",
  "dependencies": {
    "angular": "^1.0.8"
  },
  "ignore": [
    "**/.*",
    "node_modules",
    "bower_components",
    "component.json",
    "package.json",
    "lib",
    "config",
    "sample",
    "test",
    "tests",
    "ngdoc_assets",
    "Gruntfile.js",
    "files.js"
  ],
  "homepage": "https://github.com/angular-ui/ui-router",
  "_release": "0.3.0",
  "_resolution": {
    "type": "version",
    "tag": "0.3.0",
    "commit": "d2a0feb9827e79f4dca6f30e67a37535c6841386"
  },
  "_source": "https://github.com/angular-ui/ui-router.git",
  "_target": "^0.3.0",
  "_originalSource": "ui-router",
  "_direct": true
}