{
    "prepare_queue": {
        "installed": [],
        "uninstalled": []
    },
    "config_munge": {
        "files": {
            "res/xml/config.xml": {
                "parents": {
                    "/*": [
                        {
                            "xml": "<feature name=\"Whitelist\"><param name=\"android-package\" value=\"org.apache.cordova.whitelist.WhitelistPlugin\" /><param name=\"onload\" value=\"true\" /></feature>",
                            "count": 1
                        },
                        {
                            "xml": "<feature name=\"SplashScreen\"><param name=\"android-package\" value=\"org.apache.cordova.splashscreen.SplashScreen\" /><param name=\"onload\" value=\"true\" /></feature>",
                            "count": 1
                        },
                        {
                            "xml": "<feature name=\"InAppBrowser\"><param name=\"android-package\" value=\"org.apache.cordova.inappbrowser.InAppBrowser\" /></feature>",
                            "count": 1
                        },
                        {
                            "xml": "<preference name=\"webView\" value=\"org.crosswalk.engine.XWalkWebViewEngine\" />",
                            "count": 1
                        },
                        {
                            "xml": "<preference default=\"19+\" name=\"xwalkVersion\" />",
                            "count": 1
                        },
                        {
                            "xml": "<preference default=\"xwalk_core_library_canary:17+\" name=\"xwalkLiteVersion\" />",
                            "count": 1
                        },
                        {
                            "xml": "<preference default=\"--disable-pull-to-refresh-effect\" name=\"xwalkCommandLine\" />",
                            "count": 1
                        },
                        {
                            "xml": "<preference default=\"embedded\" name=\"xwalkMode\" />",
                            "count": 1
                        },
                        {
                            "xml": "<preference default=\"true\" name=\"xwalkMultipleApk\" />",
                            "count": 1
                        }
                    ]
                }
            },
            "AndroidManifest.xml": {
                "parents": {
                    "/*": [
                        {
                            "xml": "<uses-permission android:name=\"android.permission.ACCESS_NETWORK_STATE\" />",
                            "count": 1
                        },
                        {
                            "xml": "<uses-permission android:name=\"android.permission.ACCESS_WIFI_STATE\" />",
                            "count": 1
                        }
                    ]
                }
            }
        }
    },
    "installed_plugins": {
        "cordova-plugin-whitelist": {
            "PACKAGE_NAME": "ar.com.redlink.sigma"
        },
        "cordova-plugin-splashscreen": {
            "PACKAGE_NAME": "ar.com.redlink.sigma"
        },
        "cordova-plugin-inappbrowser": {
            "PACKAGE_NAME": "ar.com.redlink.sigma"
        },
        "cordova-plugin-crosswalk-webview": {
            "PACKAGE_NAME": "ar.com.redlink.sigma"
        }
    },
    "dependent_plugins": {},
    "modules": [
        {
            "file": "plugins/cordova-plugin-splashscreen/www/splashscreen.js",
            "id": "cordova-plugin-splashscreen.SplashScreen",
            "clobbers": [
                "navigator.splashscreen"
            ]
        },
        {
            "file": "plugins/cordova-plugin-inappbrowser/www/inappbrowser.js",
            "id": "cordova-plugin-inappbrowser.inappbrowser",
            "clobbers": [
                "cordova.InAppBrowser.open",
                "window.open"
            ]
        }
    ],
    "plugin_metadata": {
        "cordova-plugin-whitelist": "1.2.2",
        "cordova-plugin-splashscreen": "3.2.2",
        "cordova-plugin-inappbrowser": "1.4.0",
        "cordova-plugin-crosswalk-webview": "1.8.0"
    }
}